Field Code,Field Name,Field Type,Value
q3t1s2f15,Supplier Name,inputText,M.P.E MATIERES PREMIERES ESSENTIELL
q3t1s2f16,Product Name,inputText,[BASIL0003] H.E. BASILIC INDES
q3t1s2f17,Supplier´s product code,inputText,BASIL0003
q3t1s2f19,Type of supplier,lov,M
q3t1s2f21,Name of the facility where the product is manufactured,inputText,SAS MPE
q3t1s2f22,Which type of material is your product?,lov,B
q3t1s2f23,CAS,inputText,8015-73-4
q3t1s2f24,EINECS,inputText,283-900-8
q3t1s2f25,FDA CFR 21,inputText,182.20
q3t1s3f27,KOSHER CERTIFICATE,checkComents,true
q3t1s3f28,HALAL CERTIFICATE,checkComents,true
q3t1s3f29,FOOD/FLAVOUR GRADE,checkComents,true
q3t1s3f30,FEED GRADE,checkComents,false
q3t1s4f33,Country of the botanical origin,selectManyMenu,IN
q3t1s4f34,Country of the manufacturing site,selectManyMenu,FR
q3t1s4f35,Country of the processing site,selectManyMenu,FR
q3t1s4f36,Source,lov,V
q3t1s4f38,Botanical name (plant or animal origin),inputText,Ocimum basilicum L.
q3t1s4f39,"Part of the pant (roots, leaves, etc)",inputText,the whole plant
q3t1s4f40,Cultivation mode (culture),selectManyCheckbox,Tradidion
q3t1s4f41,Crop season,inputText,from July to November
q3t1s4f42,Processing factor according to EC 396/2005 Art. 20 in combination with Annex I: How many Kg of basic material was used to produce 1 kg of the raw material?,inputText,800 kg of basil makes 1 litre of essential oil
q3t1s4f44,Is the product 100% Natural?,yesNoNA,YES
q3t1s4f45,"Can you guarantee the naturaless by providing a C14 analysis? If so, please, provide the last report performed",yesNoNA,NA
q3t1s4f46,"Is the product 100% Pure (if not, please indicate all the Botanical Names)?",yesNoComments,YES|
q3t1s4f47,Natural According European Directive 1334/2008/EC,yesNoNA,YES
q3t1s4f48,"Natural According American Directive (Code of Federal Regulations, Title 21, section 101.22a (3), Food & Drugs)",yesNoNA,YES
q3t1s4f49,Natural According to UNE-EN ISO 9235:2014,yesNoNA,YES
q3t1s4f50,Does the product follow NaTrue?,yesNoNA,NA
q3t1s4f51,Classification according to UNE-EN ISO 9235:2021,lov,11
q3t3s6f172,Is the product registered under REACH EU?,yesNoComments,NO|
q3t3s6f173,REACH EU Exemption,inputText,<1 tonne/year
q3t3s6f175,REACH EU volume tonnage band,lov,A
q3t3s14f176,"Does the EE apply to the product? If no, please, advise in the Comments section the reason.",yesNoComments,NA|
q3t3s14f177,"Are you sharing with Lluch Essence the following information: MSDS, Exposure Scenarios and Chemical Safety Report (CSR)?",yesNoComments,NA|
q3t3s15f179,Is the product pre-registered under KKDIK? If yes provided the number,yesNoComments,NA|
q3t3s15f180,Is the product pre-registered under Korea-REACH? If yes provided the number,yesNoComments,NA|
q3t3s15f181,Is the product notificated under UK-REACH? If yes provided the number,yesNoComments,NA|
q3t3s20f188,Is the product in compliance with the Cosmetics Regulation (EU) N° 1223/2009 in its latest version in force?,yesNoNA,YES
q3t3s22f194,Is the raw material fully compliant with US cosmetic regulation?,yesNoNA,YES
q3t3s22f198,"Is the product a color additive or contain color additives subjected to certification according to 21 CFR (Parts 70-80)? If so, please specify the Lot Batch Certify number. Have you verified its validity with FDA? Please send proof for it.",yesNoComments,NO
q3t3s22f199,Is the product a color additive or contain color additives exempt from certification according to 21 CFR (Parts 70-80)?,yesNoComments,NO
q3t3s24f215,"Is this material or any of its components in compliance with the China Safety and Technical Standards for Cosmetics"" issued in 2015 and its subsequent amendments?",yesNoComments,NA|YES
q3t3s24f218,"Is this material or any of its components in compliance with the  ""Cosmetic Act ""  by MFDS No. 2015-43, July 10, 2015 in its latest version?",yesNoComments,NA|YES
q3t3s24f219,"Are substances contained which are listed in the Negative Ingredient Cosmetic List (Appendix 1), the Restricted Cosmetic Ingredient List (Appendix 2) under the Korea Cosmetic Safety Standard, KFDA No. 2013-2 or in the Cosmetic Color Additive list?",yesNoComments,NO
q3t3s24f221,Is this material or any of its components in compliance with the Japan Standards for Cosmetics (Ministry of Health and Welfare Notification No.331 of 2000)?,yesNoComments,NA|YES
q3t3s24f222,Are substances contained which are identified in the Japan Standards for Cosmetics List?,yesNoComments,NO
q3t3s24f224,Is this material or any of its components in compliance with the Drug and Cosmetic Act 1940 & Rules 1945 (amended up to Dec. 31st 2016) by Central Drug Standard Control Organization (CDSCO)?,yesNoComments,NA|YES
q3t3s24f225,"Does the product contain any ingredients listed in the BIS standards IS 4707 Part 1 (colourants), IS 4707 Part 2 Annex  A (prohibited substances), Annex B (restricted substances), Annex C (preservatives) and/or Annex D (UV-filters)?",yesNoComments,NO
q3t4s25f226,IFS (International Food Standard),yesNoComments,NA|
q3t4s25f227,BRC (British Retail Consortium) ,yesNoComments,NA|
q3t4s25f228,HACCP CERTIFICATE (Hazard analysis and critical control points),yesNoComments,YES|
q3t4s25f229,ISO 22000,yesNoComments,NO|
q3t4s25f230,FSSC 22000,yesNoComments,NO|
q3t4s25f231,HACCP internal (Hazard analysis and critical control points),yesNoComments,YES|
q3t4s25f232,Authorization issued by the Administration ,yesNoComments,NA|
q3t4s25f233,"OTHERS, please specify if yes",yesNoComments,NA|
q3t4s26f234,IFS (International Food Standard),yesNoComments,NA|
q3t4s26f235,BRC (British Retail Consortium) ,yesNoComments,NA|
q3t4s26f236,HACCP CERTIFICATE(Hazard analysis and critical control points),yesNoComments,YES|
q3t4s26f237,ISO 22000,yesNoComments,NO|
q3t4s26f238,FSSC 22000,yesNoComments,NO|
q3t4s26f239,HACCP internal (Hazard analysis and critical control points),yesNoComments,YES|
q3t4s26f240,Authorization issued by the Administration ,yesNoComments,NA|
q3t4s26f241,"OTHERS, please specify if yes",yesNoComments,NA|
q3t4s27f242,Is the raw material fully compliant with EU regulations?,yesNoComments,YES|
q3t4s27f243,Type of product (according to Regulation (EC) 1334/2008):,lov,P
q3t4s27f244,Is the raw material fully compliant with CODEX Alimentarius?,yesNoComments,YES|
q3t4s27f245,Is the raw material fully compliant with JECFA?,yesNoComments,YES|
q3t4s27f246,Has the product being evaluated and considered as safe according to Article 4 (EC) 1334/2008?,yesNoComments,YES|
q3t4s27f247,"Is there any significant impurity in the product? If so, please, advise its content in ""Comments"".",yesNoComments,NO|
q3t4s28f249,Is the material in compliance with a HARPC program for food at your facility (per 21 CFR 117)?,yesNoComments,YES|
q3t4s28f250,Is this material and its components  approved for use in food by FDA regulations (21 CFR)?,yesNoComments,YES|
q3t4s28f251,Is the material and its components listed as being Generally Recognized as Safe (GRAS) by the FEMA Expert Panel?,yesNoComments,YES|
q3t4s28f253,"Is the raw material produced according to US FDA Good Manufacturing Practices, 21 CFR 110, 21 CFR 117 and/or Food Grade in accordance with the Food Chemicals Codes (FCC)?",yesNoComments,YES|
q3t4s28f254,"Is the product a Food color additive or contain color additives subjected to certification according to 21 CFR (Parts 70-80)? If so, please specify the Lot Batch Certify number. ",yesNoComments,NO|
q3t4s28f255,Is the product a Food color additive or contain color additives exempt from certification according to 21 CFR (Parts 70-80)? https://www.accessdata.fda.gov/scripts/cdrh/cfdocs/cfcfr/CFRSearch.cfm?CFRPart=73,yesNoComments,NO|
q3t4s29f256,Is the raw material fully compliant with Colombian regulations (INVIMA)?,yesNoComments,NA|
q3t4s30f257,"Is the raw material fully compliant with Mexican regulations (COFEPRIS, www.gob.mx/cofepris)?",yesNoComments,NA|
q3t4s30f258,"Is the raw material listed on Annex XI (Saborizantes, https://www.gob.mx/cofepris/documentos/anexo-xi)?",yesNoComments,NA|
q3t4s31f259,Is the packaging used fully compliant with: (UE) 10/2011 and modifications on plastic materials and articles intended to come into contact with food,yesNoComments,YES|
q3t4s31f260,Is the packaging used fully compliant with: (EC) 1935/2004 and modifications on materials and articles  intended to come into contact with food,yesNoComments,YES|
q3t4s31f261,Is the packaging used fully compliant with: (EC) 2023/2006 and modification about production good practices and food contact objects,yesNoComments,YES|
q3t4s31f262,Is all direct-contact packaging material compliant with the following US FDA 21 CFR 174 and/or 21 CFR 175?,yesNoComments,YES|
q3t4s32f265,Have you implemented a food allergen control plan?,yesNoNA,NO
q3t4s32f266,"Please describe your measures to avoid cross-contamination during production and transport.  (If, necessary, please, add your own documentation thorugh the button)",inputTextarea,Separated packaging
q3t4s32f267,"Do you recommend a labelling ""may contain traces of...""?",yesNoComments,NA|
q3t6s36f292,Does the product contain any ingredient from animal origin?,yesNoComments,NO
q3t6s36f293,Could you confirm there is no substance from animal origin in the premises where the product is manufactured?,yesNoComments,YES
q3t6s36f294,"Could you confirm neither the product nor its starting materials are obtained by fermentation or with the aid of enzymes, bacteria or yeasts?",yesNoComments,YES
q3t6s36f295,"Does the final product contain ethanol? If so, please, specify its content.",yesNoComments,NO
q3t6s36f296,Could you confirm none of its raw materials is obtained from ethanol?,yesNoComments,YES
q3t6s36f297,"Is ethanol used as a cleaning agent? In the cleaning process of equipment and tools ethanol can be used, among other cleaning agents, and just a small technical residual quantity (maximum 0.005%) might remain. ",yesNoComments,NO
q3t6s36f298,Is the product in compliance with HALAL guidelines?,yesNoComments,YES
q3t8s38f306,"Following Lluch Essence Renewable ingredients definition, is the product partly or fully derived from biological material (animal, plant, others) including chemicals derived from biological material e.g. pine, palm, rapeseed oil, clove etc.?",lov,F
q3t8s38f307,"If so, please advise the botanical origin.",inputText,Ocimum Basilicum L.
q3t8s38f308,"If so, please advise the percentage of renewability.",inputText,100
q3t8s38f309,"Does the biological material originate from cultivation, wild collection or biotechnology? ",lov,C
q3t8s38f310,Is the product 100% derived from non-renewable sources i.e. petrochemicals or inorganics?,yesNoNA,NO
q3t8s38f311,Is the product fully compliant with 2023/1115/EC?,yesNoNA,NO
q3t8s38f313,Is your product derived using reaction chemistry?,yesNoNA,NO
q3t8s38f315,Do you use a catalyst?,yesNoNA,NA
q3t8s38f317,Is the product included on the Nagoya Protocol? Detail information with respect Nagoya Protocol on Access to Genetic Resources and the Fair and Equitable Sharing of Benefits Arising from their Utilization (ABS) to the Convention on Biological Diversity. https://www.cbd.int/abs/about/default.shtml,yesNoNA,NO
q3t8s38f318,Is the product regulated by CITES? Detail information with respect to Regulation (EC) 338/97 (CITES) as amended concerning the protection of species of wild fauna and flora. http://checklist.cites.org/#/en,yesNoNA,NO
q3t8s39f320,What quantity of energy is consumed to generate 1 kg of product (Mw/Ton)?,inputText,N/A
q3t8s39f321,"Is there any renewable energy production implemented in your facilities? (solar panels, hydropower, windmills…)",yesNoComments,NA|
q3t8s39f322,"If so, please specify the type and amount (%) of renewable energy produced (solar panels, hydropower, windmills…)",inputText,N/A
q3t8s39f323,What amount of renewable energy (%) is consumed to generate 1kg of product (Mw/Ton)?,inputText,N/A
q3t8s39f325,What amount of water is consumed to generate 1 Kg of product (m3/Ton)?,inputNumber,N/A
q3t8s39f327,Do you perform the product carbon footprint calculations?,yesNoNA,NA
q3t8s39f328,Do you perform the product carbon footprint offseting?,yesNoNA,NA
q3t8s39f329,Provide the Kg of CO2eq emitted to produce 1 Kg of product,inputNumber,N/A
q3t8s39f331,Is there a transportation of raw material from collection/harvest to process?,yesNoNA,YES
q3t8s39f332,"If there is a transportation, how many km are between collection / harvest to the processing site? (Km)",inputText,N/A
q3t8s39f333,Do you perform the calculation and offsetting of the transport carbon footprint?,yesNoNA,NA
q3t8s39f335,How many Kg of Biomass or extract is produced per hectare of land? (Kg/ha),inputNumber,N/A
q3t8s39f336,"Are inputs used to produce the product (such as nitrogen, pesticides…)?",yesNoComments,NA|
q3t8s39f338,What is the E-factor of this material?,inputText,N/A
q3t8s39f340,What is the product reciclability?,inputText,N/A
q3t8s39f341,"If applicable, provide the composition in recycled raw materials",inputText,N/A
q3t1s2f342,FEMA,inputText,2119
q3t1s2f343,JECFA,inputText,-
q3t1s2f344,CoE,inputText,308n
q3t1s2f345,Flavis,inputText,-
q3t1s40f346,Does the product present a tamper-resistant package?,yesNoNA,YES
q3t1s40f347,Recommended shelf life (days)	,inputText,According to the expiration date on the CoA
q3t1s40f348,Recommended storage temperature (ºC)	,inputText,20°C
q3t1s40f349,Recommended transport temperature (ºC),inputText,20°C
q3t1s40f351,Special storage conditions	,inputText,"Store product in full, tightly closed container"
q3t1s4f359,Does your company own a RSPO certificate for this product?,yesNoNA,NA
q3t1s4f360,Does the manufacturer own a RSPO certificate for this product?,yesNoNA,NA
q3t1s4f361,What is the Supply Chain model of certification of your product ?,lov,-
q3t3s14f365,"Are all Lluch Essence (and IFRA) uses covered by your registration: PC 3, 28, 35 and 39? ",yesNoComments,NA|
q3t1s41f366,"The supplier hereby guarantee that, as of the date of shipment or delivery, the articles comprising each shipment of delivery hereafter are on such date not adulterated or misbranded within the meaning of Federal Food, Drug & Cosmetics Act as amended; the Food Additives Amendment  (together, the “FD&C Act”)or (2) not an article which may not under the provisions of Sections 404 or 505 said Act, as amended, be introduced into interstate commerce and not adulterated  or  misbranded  within  the  meaning of the  food laws  or ordinance (then in effect) of the state or city to which such  articles are shipped, the provisions of which are identical or substantially the same as those found in the Federal Food and Drug & Cosmetic Act. That the food products, ingredients and components are of merchantable quality, fit for the ordinary purposes for which such food products are normally used and wholesome and fit for human consumption. Non-Irradiated/No-Sludge Guarantee 7 CFR 205.105  are not grown or handled with the use of sewer sludge and ionizing radiation, as described in Food and Drug Administration regulation, 21 CFR 179.26 . Lot Code have been assigned a unique lot code to ensure complete traceability down to each raw material and packaging material used. BSE / TSE are NOT of animal origin. Furthermore, as a FDA (Food and Drug Administration) regulated facility, and in accordance with the FDA proposed rules and approved guidelines, we have taken appropriate steps to minimize the risk of contamination of our products with Bovine Spongiform Encephalopathy (BSE) or Transmissible Spongiform Encephalopathy (TSE).  Animal By-Products, Human-Derived Products, BPA, Melamine are free of animal by-products, human-derived products, BPA, or Melamine. Our products have not been tested on animals. 1.13 Food Contact Packaging Safely NOP 7 CFR 205.272(b)(1)  have not been allowed to come in contact with synthetic fungicide, preservative, or fumigant. All food contact packaging materials are free of prohibited synthetic fungicide, preservative, or fumigant. 1.14 Heavy Metals, California Toxics in Packaging Prevention Act (AB2021), and Ethical Standards / California Transparency in Supply Chains Act of 2010 and applicable US Federal regulations were produced without the use of forced labor such as child labor, slavery, prison labor. We strive to comply with all applicable laws and regulations regarding employment, occupational health and safety, and immigration. Our suppliers are also required to meet our ethical standards. ",lov,S
q3t4s27f367,Is the raw material a food additive as laid down and listed in EU 1333/2008 on food additives?	,yesNoComments,NA|
q3t4s27f369,"The supplier certifies that the impurities present in the product are technically unavoidable residues, kept to the lowest levels whenever it is achievable through good working practices and are present in amounts which are acceptable in accordance with public health and toxicology regulations",lov,S
q3t4s32f372,"Is there a potential risk of cross-contamination? (If yes, please specify which)",yesNoComments,NO|
q3t1s4f378,Please specify raw material,inputText,Ocimum basilicum L.
q3t1s4f383,Drying of the plant before distillation,yesNoNA,YES
q3t1s4f385,Is the product deterpenated?,yesNoNA,NO
q3t1s4f386,Distillation time (min),inputText,5-6 hours per sample
q3t1s4f389,Number of crops per year,inputText,3
q3t1s4f390,Harvesting process,selectManyCheckbox,Manual
q3t1s4f425, Drying system,lov,S
q3t1s4f427,Refined product,yesNoNA,NO
q3t1s4f430,"Are you a RSPO Member? If so, please, provide the RSPO registration number",yesNoComments,NA|
q3t1s4f432,Natural,inputNumber,1
q3t1s4f433,Natural origin,inputNumber,1
q3t1s4f434,Organic,inputNumber,0
q3t1s4f435,Origin organic,inputNumber,0
q3t3s15f453,Is the product registered under KKDIK? If yes provided the number in the comments field,yesNoComments,NA|
q3t3s15f459,Is the product registered under Korea-REACH? If yes provided the number,yesNoComments,NA|
q3t3s15f465,Is the product registered under UK-REACH?,yesNoComments,NA|
q3t8s38f474,Does the manufacturing of the product involve one of the following processes?,lov,-
q3t1s2f479,HS Code,inputText,33012949
q3t14s43f482,Completed by:,inputText,Maxime Scarpa
q3t14s43f483,Position:,inputText,General Director
q3t14s43f484,E-mail adress:,inputText,maxime.scarpa@mpe-grasse.fr
q3t1s4f510,Product' status: natural or synthetic,lov,N
q3t1s2f511,"Recommended application (savory, pastry, lipstick, vanilla flavour, meat flavours...)",inputText,-
q3t1s5f52,General Information,tableDescYesNoSubtCASPercent,"[{""id"":1,""field1"":""ADDITIVES"",""field2"":""NO"",""field3"":null,""field4"":null,""field5"":null,""field6"":null,""field7"":null},{""id"":2,""field1"":""SOLVENTS USED"",""field2"":""NO"",""field3"":null,""field4"":null,""field5"":null,""field6"":null,""field7"":null},{""id"":3,""field1"":""RESIDUAL SOLVENTS"",""field2"":""NO"",""field3"":null,""field4"":null,""field5"":null,""field6"":null,""field7"":null},{""id"":4,""field1"":""GMO"",""field2"":""NO"",""field3"":null,""field4"":null,""field5"":null,""field6"":null,""field7"":null},{""id"":5,""field1"":""GMO3"",""field2"":""NO"",""field3"":null,""field4"":null,""field5"":null,""field6"":null,""field7"":null},{""id"":6,""field1"":""GMO2"",""field2"":""NO"",""field3"":null,""field4"":null,""field5"":null,""field6"":null,""field7"":null},{""id"":7,""field1"":""NANOMATERIALS"",""field2"":""NO"",""field3"":null,""field4"":null,""field5"":null,""field6"":null,""field7"":null},{""id"":8,""field1"":""GLYCOL ESTERS"",""field2"":""NO"",""field3"":null,""field4"":null,""field5"":null,""field6"":null,""field7"":null},{""id"":9,""field1"":""P.A.H.C."",""field2"":""NO"",""field3"":null,""field4"":null,""field5"":null,""field6"":null,""field7"":null},{""id"":10,""field1"":""SWISS V.O.C."",""field2"":""NO"",""field3"":null,""field4"":null,""field5"":null,""field6"":null,""field7"":null},{""id"":11,""field1"":""CARB V.O.C."",""field2"":""NO"",""field3"":null,""field4"":null,""field5"":null,""field6"":null,""field7"":null},{""id"":12,""field1"":""CMR"",""field2"":""YES"",""field3"":""see certificate"",""field4"":null,""field5"":null,""field6"":null,""field7"":null},{""id"":13,""field1"":""CALIFORNIA 65 PROPOS"",""field2"":""YES"",""field3"":""see certificate"",""field4"":null,""field5"":null,""field6"":null,""field7"":null},{""id"":14,""field1"":""VEGAN"",""field2"":""NO"",""field3"":null,""field4"":null,""field5"":null,""field6"":null,""field7"":null},{""id"":15,""field1"":""COELIAC"",""field2"":""NO"",""field3"":null,""field4"":null,""field5"":null,""field6"":null,""field7"":null},{""id"":16,""field1"":""ANIMAL TESTING"",""field2"":""NO"",""field3"":null,""field4"":null,""field5"":null,""field6"":null,""field7"":null},{""id"":17,""field1"":""ANIMAL ORIGIN"",""field2"":""NO"",""field3"":null,""field4"":null,""field5"":null,""field6"":null,""field7"":null},{""id"":18,""field1"":""ANIMAL ORIGIN 2"",""field2"":""NO"",""field3"":null,""field4"":null,""field5"":null,""field6"":null,""field7"":null},{""id"":19,""field1"":""ANIMAL DERIVED MATER"",""field2"":""NO"",""field3"":null,""field4"":null,""field5"":null,""field6"":null,""field7"":null},{""id"":20,""field1"":""AD2"",""field2"":""NO"",""field3"":null,""field4"":null,""field5"":null,""field6"":null,""field7"":null},{""id"":21,""field1"":""AD3"",""field2"":""NO"",""field3"":null,""field4"":null,""field5"":null,""field6"":null,""field7"":null},{""id"":22,""field1"":""RADIATIONS"",""field2"":""NO"",""field3"":null,""field4"":null,""field5"":null,""field6"":null,""field7"":null},{""id"":23,""field1"":""RADIATIONS 2"",""field2"":""NO"",""field3"":null,""field4"":null,""field5"":null,""field6"":null,""field7"":null},{""id"":24,""field1"":""MOHS/MOHA"",""field2"":""NO"",""field3"":null,""field4"":null,""field5"":null,""field6"":null,""field7"":null}]"
q3t3s17f185,Does the product contains any substance included in the Authorisation List (Annex XIV of REACH),checkTableMatCasPercen,[]
q3t3s18f186,"Does the product contains any substance subject to Restriction as per Annex XVII of REACH? If so, please indicate: https://echa.europa.eu/es/substances-restricted-under-reach",checkTableMatCasPercen,[]
q3t3s19f187,"Is the product subject to IFRA restrictions or prohibitions (Last amendment)? If yes, please indicate:                                                                                             ",checkTableMatCasPercen,"[{""id"":1,""field1"":""see certificate"",""field2"":null,""field3"":null,""field4"":null,""field5"":null,""field6"":null,""field7"":null}]"
q3t3s20f189,"Does the product contain any ingredients listed in Annex II (prohibited materials), Annex III (restricted substances), Annex IV (colours), Annex V (preservatives) and/or Annex VI (UV filters) of the Cosmetics Regulation (EU) N° 1223/2009? For the substances considered as fragrance allergens (Cosmetic Regulation (EC) No 1223/2009, Annex III, No. 67-92) please complete the separate table. ",checkTableMatCasAnnexPercen,"[{""id"":1,""field1"":""see certificate"",""field2"":null,""field3"":null,""field4"":null,""field5"":null,""field6"":null,""field7"":null}]"
q3t3s21f193,"Does the product contain any allergen ingredient listed according to Regulation 1223/2009 relating to Cosmetic products, and further amendments? If yes, please indicate the maximum content present in your product. ",checkTableMatCasROPercen,"[{""id"":1,""field1"":""3-Propylidenephthalide"",""field2"":""3-Propylidenephthalide"",""field3"":""<0.001"",""field4"":null,""field5"":null,""field6"":null,""field7"":null},{""id"":1,""field1"":""Jasmine Oil/Extract"",""field2"":""Jasmine Oil/Extract"",""field3"":""<0.001"",""field4"":null,""field5"":null,""field6"":null,""field7"":null},{""id"":3,""field1"":""6-Methylcoumarin"",""field2"":""6-Methylcoumarin"",""field3"":""<0.001"",""field4"":null,""field5"":null,""field6"":null,""field7"":null},{""id"":3,""field1"":""Jasmine Oil/Extract 90045-94-6"",""field2"":""Jasmine Oil/Extract"",""field3"":""<0.001"",""field4"":null,""field5"":null,""field6"":null,""field7"":null},{""id"":5,""field1"":""Acetyl Cedrene"",""field2"":""Acetyl Cedrene"",""field3"":""<0.001"",""field4"":null,""field5"":null,""field6"":null,""field7"":null},{""id"":5,""field1"":""Jasmine Oil/Extract 8022-96-6"",""field2"":""Jasmine Oil/Extract"",""field3"":""<0.001"",""field4"":null,""field5"":null,""field6"":null,""field7"":null},{""id"":7,""field1"":""alpha-Isomethyl iono"",""field2"":""alpha-Isomethyl iono"",""field3"":""<0.001"",""field4"":null,""field5"":null,""field6"":null,""field7"":null},{""id"":7,""field1"":""Jasmine Oil/Extract 8024-43-9"",""field2"":""Jasmine Oil/Extract"",""field3"":""<0.001"",""field4"":null,""field5"":null,""field6"":null,""field7"":null},{""id"":9,""field1"":""Alpha-Terpinene"",""field2"":""99-86-5"",""field3"":""0.01"",""field4"":null,""field5"":null,""field6"":null,""field7"":null},{""id"":9,""field1"":""Juniperus Virginiana"",""field2"":""8000-27-9"",""field3"":""<0.001"",""field4"":null,""field5"":null,""field6"":null,""field7"":null},{""id"":11,""field1"":""Amyl cinnamal"",""field2"":""Amyl cinnamal"",""field3"":""<0.001"",""field4"":null,""field5"":null,""field6"":null,""field7"":null},{""id"":11,""field1"":""Juniperus Virginiana Oil 85085-41-2"",""field2"":""Juniperus Virginiana Oil"",""field3"":""<0.001"",""field4"":null,""field5"":null,""field6"":null,""field7"":null},{""id"":13,""field1"":""Amyl Salicylate"",""field2"":""Amyl Salicylate"",""field3"":""<0.001"",""field4"":null,""field5"":null,""field6"":null,""field7"":null},{""id"":13,""field1"":""Laurus Nobilis oil"",""field2"":""Laurus Nobilis oil"",""field3"":""<0.001"",""field4"":null,""field5"":null,""field6"":null,""field7"":null},{""id"":15,""field1"":""Amylcinnamyl alcohol"",""field2"":""Amylcinnamyl alcohol"",""field3"":""<0.001"",""field4"":null,""field5"":null,""field6"":null,""field7"":null},{""id"":15,""field1"":""Laurus Nobilis oil 8007-48-5"",""field2"":""Laurus Nobilis oil"",""field3"":""<0.001"",""field4"":null,""field5"":null,""field6"":null,""field7"":null},{""id"":17,""field1"":""Anethole"",""field2"":""104-46-1"",""field3"":""0.01"",""field4"":null,""field5"":null,""field6"":null,""field7"":null},{""id"":17,""field1"":""Laurus Nobilis oil 84603-73-6"",""field2"":""84603-73-6"",""field3"":""<0.001"",""field4"":null,""field5"":null,""field6"":null,""field7"":null},{""id"":19,""field1"":""Anethole 4180-23-8"",""field2"":""Anethole"",""field3"":""<0.001"",""field4"":null,""field5"":null,""field6"":null,""field7"":null},{""id"":19,""field1"":""Lavandula Oil/ Extra"",""field2"":""Lavandula Oil/ Extract"",""field3"":""<0.001"",""field4"":null,""field5"":null,""field6"":null,""field7"":null},{""id"":21,""field1"":""Anise Alcohol"",""field2"":""Anise Alcohol"",""field3"":""<0.001"",""field4"":null,""field5"":null,""field6"":null,""field7"":null},{""id"":21,""field1"":""Lavandula Oil/ Extract 8022-15-9"",""field2"":""Lavandula Oil/ Extract"",""field3"":""<0.001"",""field4"":null,""field5"":null,""field6"":null,""field7"":null},{""id"":23,""field1"":""Benzaldehyde"",""field2"":""100-52-7"",""field3"":""0.01"",""field4"":null,""field5"":null,""field6"":null,""field7"":null},{""id"":23,""field1"":""Lavandula Oil/ Extract 93455-96-0"",""field2"":""93455-96-0"",""field3"":""<0.001"",""field4"":null,""field5"":null,""field6"":null,""field7"":null},{""id"":25,""field1"":""Benzyl alcohol"",""field2"":""100-51-6"",""field3"":""0.01"",""field4"":null,""field5"":null,""field6"":null,""field7"":null},{""id"":25,""field1"":""Lavandula Oil/ Extract 93455-97-1"",""field2"":""93455-97-1"",""field3"":""<0.001"",""field4"":null,""field5"":null,""field6"":null,""field7"":null},{""id"":27,""field1"":""Benzyl Benzoate"",""field2"":""Benzyl Benzoate"",""field3"":""<0.001"",""field4"":null,""field5"":null,""field6"":null,""field7"":null},{""id"":27,""field1"":""Lavandula Oil/ Extract 84776-65-8"",""field2"":""Lavandula Oil/ Extract"",""field3"":""<0.001"",""field4"":null,""field5"":null,""field6"":null,""field7"":null},{""id"":29,""field1"":""Benzyl Cinnamate"",""field2"":""Benzyl Cinnamate"",""field3"":""<0.001"",""field4"":null,""field5"":null,""field6"":null,""field7"":null},{""id"":29,""field1"":""Lavandula Oil/ Extract 8000-28-0"",""field2"":""Lavandula Oil/ Extract"",""field3"":""<0.001"",""field4"":null,""field5"":null,""field6"":null,""field7"":null},{""id"":31,""field1"":""Benzyl Salicylate"",""field2"":""Benzyl Salicylate"",""field3"":""<0.001"",""field4"":null,""field5"":null,""field6"":null,""field7"":null},{""id"":31,""field1"":""Lavandula Oil/ Extract 90063-37-9"",""field2"":""Lavandula Oil/ Extract"",""field3"":""<0.001"",""field4"":null,""field5"":null,""field6"":null,""field7"":null},{""id"":33,""field1"":""Bergamot oil"",""field2"":""Bergamot oil"",""field3"":""<0.001"",""field4"":null,""field5"":null,""field6"":null,""field7"":null},{""id"":33,""field1"":""Lemongrass oil"",""field2"":""Lemongrass oil"",""field3"":""<0.001"",""field4"":null,""field5"":null,""field6"":null,""field7"":null},{""id"":35,""field1"":""Bergamot oil 89957-91-5"",""field2"":""Bergamot oil"",""field3"":""<0.001"",""field4"":null,""field5"":null,""field6"":null,""field7"":null},{""id"":35,""field1"":""Lemongrass oil 89998-16-3"",""field2"":""Lemongrass oil"",""field3"":""<0.001"",""field4"":null,""field5"":null,""field6"":null,""field7"":null},{""id"":37,""field1"":""Bergamot oil 68648-33-9"",""field2"":""Bergamot oil"",""field3"":""<0.001"",""field4"":null,""field5"":null,""field6"":null,""field7"":null},{""id"":37,""field1"":""Lemongrass oil 91844-92-7"",""field2"":""Lemongrass oil"",""field3"":""<0.001"",""field4"":null,""field5"":null,""field6"":null,""field7"":null},{""id"":39,""field1"":""Bergamot oil 8007-75-8"",""field2"":""Bergamot oil "",""field3"":""<0.001"",""field4"":null,""field5"":null,""field6"":null,""field7"":null},{""id"":39,""field1"":""Lemongrass oil 8007-02-1"",""field2"":""Lemongrass oil"",""field3"":""<0.001"",""field4"":null,""field5"":null,""field6"":null,""field7"":null},{""id"":41,""field1"":""Bergamot oil 85049-52-1"",""field2"":""Bergamot oil"",""field3"":""<0.001"",""field4"":null,""field5"":null,""field6"":null,""field7"":null},{""id"":41,""field1"":""Limonene"",""field2"":""Limonene"",""field3"":""<0.001"",""field4"":null,""field5"":null,""field6"":null,""field7"":null},{""id"":43,""field1"":""beta-Caryophyllene"",""field2"":""87-44-5"",""field3"":""0.6"",""field4"":null,""field5"":null,""field6"":null,""field7"":null},{""id"":43,""field1"":""Limonene 138-86-3"",""field2"":""138-86-3"",""field3"":""0.1"",""field4"":null,""field5"":null,""field6"":null,""field7"":null},{""id"":45,""field1"":""Camphor"",""field2"":""Camphor"",""field3"":""<0.001"",""field4"":null,""field5"":null,""field6"":null,""field7"":null},{""id"":45,""field1"":""Limonene 5989-54-8"",""field2"":""Limonene"",""field3"":""<0.001"",""field4"":null,""field5"":null,""field6"":null,""field7"":null},{""id"":47,""field1"":""Camphor  21368-68-3"",""field2"":""21368-68-3"",""field3"":""0.05"",""field4"":null,""field5"":null,""field6"":null,""field7"":null},{""id"":47,""field1"":""Linalool"",""field2"":""78-70-6"",""field3"":""20"",""field4"":null,""field5"":null,""field6"":null,""field7"":null},{""id"":49,""field1"":""Camphor 464-49-3"",""field2"":""Camphor"",""field3"":""<0.001"",""field4"":null,""field5"":null,""field6"":null,""field7"":null},{""id"":49,""field1"":""Linalyl acetate"",""field2"":""Linalyl acetate"",""field3"":""<0.001"",""field4"":null,""field5"":null,""field6"":null,""field7"":null},{""id"":51,""field1"":""Camphor 464-48-2"",""field2"":""Camphor"",""field3"":""<0.001"",""field4"":null,""field5"":null,""field6"":null,""field7"":null},{""id"":51,""field1"":""Mentha Piperita oil"",""field2"":""Mentha Piperita oil"",""field3"":""<0.001"",""field4"":null,""field5"":null,""field6"":null,""field7"":null},{""id"":53,""field1"":""Cananga Odorata Oil/"",""field2"":""Cananga Odorata Oil/Extract"",""field3"":""<0.001"",""field4"":null,""field5"":null,""field6"":null,""field7"":null},{""id"":53,""field1"":""Mentha Piperita oil 84082-70-2"",""field2"":""Mentha Piperita oil"",""field3"":""<0.001"",""field4"":null,""field5"":null,""field6"":null,""field7"":null},{""id"":55,""field1"":""Cananga Odorata Oil/Extract 8006-81-3"",""field2"":""Cananga Odorata Oil/Extract"",""field3"":""<0.001"",""field4"":null,""field5"":null,""field6"":null,""field7"":null},{""id"":55,""field1"":""Mentha Spicata oil "",""field2"":""Mentha Spicata oil "",""field3"":""<0.001"",""field4"":null,""field5"":null,""field6"":null,""field7"":null},{""id"":57,""field1"":""Cananga Odorata Oil/Extract 68606-83-7"",""field2"":""Cananga Odorata Oil/Extract"",""field3"":""<0.001"",""field4"":null,""field5"":null,""field6"":null,""field7"":null},{""id"":57,""field1"":""Mentha Spicata oil  84696-51-5"",""field2"":""Mentha Spicata oil "",""field3"":""<0.001"",""field4"":null,""field5"":null,""field6"":null,""field7"":null},{""id"":59,""field1"":""Cananga Odorata Oil/Extract 93686-30-7"",""field2"":""Cananga Odorata Oil/Extract"",""field3"":""<0.001"",""field4"":null,""field5"":null,""field6"":null,""field7"":null},{""id"":59,""field1"":""Menthol"",""field2"":""Menthol"",""field3"":""<0.001"",""field4"":null,""field5"":null,""field6"":null,""field7"":null},{""id"":61,""field1"":""Carvone"",""field2"":""99-49-0"",""field3"":""0.01"",""field4"":null,""field5"":null,""field6"":null,""field7"":null},{""id"":61,""field1"":""Menthol 1490-04-6"",""field2"":""1490-04-6"",""field3"":""0.5"",""field4"":null,""field5"":null,""field6"":null,""field7"":null},{""id"":63,""field1"":""Carvone 6485-40-1"",""field2"":""Carvone"",""field3"":""<0.001"",""field4"":null,""field5"":null,""field6"":null,""field7"":null},{""id"":63,""field1"":""Menthol 2216-51-5"",""field2"":""Menthol"",""field3"":""<0.001"",""field4"":null,""field5"":null,""field6"":null,""field7"":null},{""id"":65,""field1"":""Carvone 2244-16-8"",""field2"":""Carvone"",""field3"":""<0.001"",""field4"":null,""field5"":null,""field6"":null,""field7"":null},{""id"":65,""field1"":""Menthol 15356-60-2"",""field2"":""Menthol"",""field3"":""<0.001"",""field4"":null,""field5"":null,""field6"":null,""field7"":null},{""id"":67,""field1"":""Cedrus Atlantica Oil"",""field2"":""Cedrus Atlantica Oil/ Extract"",""field3"":""<0.001"",""field4"":null,""field5"":null,""field6"":null,""field7"":null},{""id"":67,""field1"":""Methyl 2-octynoate"",""field2"":""Methyl 2-octynoate"",""field3"":""<0.001"",""field4"":null,""field5"":null,""field6"":null,""field7"":null},{""id"":69,""field1"":""Cedrus Atlantica Oil/ Extract 8023-85-6"",""field2"":""Cedrus Atlantica Oil/ Extract"",""field3"":""<0.001"",""field4"":null,""field5"":null,""field6"":null,""field7"":null},{""id"":69,""field1"":""Methyl salicylate"",""field2"":""Methyl salicylate"",""field3"":""<0.001"",""field4"":null,""field5"":null,""field6"":null,""field7"":null},{""id"":71,""field1"":""Cedrus Atlantica Oil/ Extract 9005-90-7"",""field2"":""Cedrus Atlantica Oil/ Extract"",""field3"":""<0.001"",""field4"":null,""field5"":null,""field6"":null,""field7"":null},{""id"":71,""field1"":""Myroxylon Pereirae O"",""field2"":""Myroxylon Pereirae Oil/ Extract"",""field3"":""<0.001"",""field4"":null,""field5"":null,""field6"":null,""field7"":null},{""id"":73,""field1"":""Cinnamal"",""field2"":""Cinnamal"",""field3"":""<0.001"",""field4"":null,""field5"":null,""field6"":null,""field7"":null},{""id"":73,""field1"":""Narcissus Extract"",""field2"":""Narcissus Extract"",""field3"":""<0.001"",""field4"":null,""field5"":null,""field6"":null,""field7"":null},{""id"":75,""field1"":""Cinnamomum Cassia Le"",""field2"":""Cinnamomum Cassia Leaf Oil"",""field3"":""<0.001"",""field4"":null,""field5"":null,""field6"":null,""field7"":null},{""id"":75,""field1"":""Narcissus Extract 68917-12-4"",""field2"":""Narcissus Extract"",""field3"":""<0.001"",""field4"":null,""field5"":null,""field6"":null,""field7"":null},{""id"":77,""field1"":""Cinnamomum Cassia Leaf Oil  84961-46-6"",""field2"":""Cinnamomum Cassia Leaf Oil"",""field3"":""<0.001"",""field4"":null,""field5"":null,""field6"":null,""field7"":null},{""id"":77,""field1"":""Narcissus Extract 90064-27-0"",""field2"":""Narcissus Extract"",""field3"":""<0.001"",""field4"":null,""field5"":null,""field6"":null,""field7"":null},{""id"":79,""field1"":""Cinnamomum Zeylanicu"",""field2"":""Cinnamomum Zeylanicum Bark Oil"",""field3"":""<0.001"",""field4"":null,""field5"":null,""field6"":null,""field7"":null},{""id"":79,""field1"":""Narcissus Extract 90064-25-8"",""field2"":""Narcissus Extract"",""field3"":""<0.001"",""field4"":null,""field5"":null,""field6"":null,""field7"":null},{""id"":81,""field1"":""Cinnamomum Zeylanicum Bark Oil 84649-98-9"",""field2"":""Cinnamomum Zeylanicum Bark Oil 84649-98-9"",""field3"":""<0.001"",""field4"":null,""field5"":null,""field6"":null,""field7"":null},{""id"":81,""field1"":""Pelargonium Graveole"",""field2"":""Pelargonium Graveolens oil"",""field3"":""<0.001"",""field4"":null,""field5"":null,""field6"":null,""field7"":null},{""id"":83,""field1"":""Cinnamyl alcohol"",""field2"":""Cinnamyl alcohol"",""field3"":""<0.001"",""field4"":null,""field5"":null,""field6"":null,""field7"":null},{""id"":83,""field1"":""Pelargonium Graveolens oil 8000-46-2"",""field2"":""Pelargonium Graveolens oil"",""field3"":""<0.001"",""field4"":null,""field5"":null,""field6"":null,""field7"":null},{""id"":85,""field1"":""Citral"",""field2"":""5392-40-5"",""field3"":""2.6"",""field4"":null,""field5"":null,""field6"":null,""field7"":null},{""id"":85,""field1"":""Pinene"",""field2"":""80-56-8"",""field3"":""0.2"",""field4"":null,""field5"":null,""field6"":null,""field7"":null},{""id"":87,""field1"":""Citral 141-27-5"",""field2"":""Citral"",""field3"":""<0.001"",""field4"":null,""field5"":null,""field6"":null,""field7"":null},{""id"":87,""field1"":""Pinene 7785-70-8"",""field2"":""Pinene"",""field3"":""<0.001"",""field4"":null,""field5"":null,""field6"":null,""field7"":null},{""id"":89,""field1"":""Citral 106-26-3"",""field2"":""Citral"",""field3"":""<0.001"",""field4"":null,""field5"":null,""field6"":null,""field7"":null},{""id"":89,""field1"":""Pinus Mugo"",""field2"":""Pinus Mugo"",""field3"":""<0.001"",""field4"":null,""field5"":null,""field6"":null,""field7"":null},{""id"":91,""field1"":""Citronellol"",""field2"":""106-22-9"",""field3"":""0.1"",""field4"":null,""field5"":null,""field6"":null,""field7"":null},{""id"":91,""field1"":""Pinus Pumila"",""field2"":""97676-05-6"",""field3"":""<0.001"",""field4"":null,""field5"":null,""field6"":null,""field7"":null},{""id"":93,""field1"":""Citronellol 26489-01-0"",""field2"":""Citronellol"",""field3"":""<0.001"",""field4"":null,""field5"":null,""field6"":null,""field7"":null},{""id"":93,""field1"":""Pogostemon Cablin oi"",""field2"":""Pogostemon Cablin oil"",""field3"":""<0.001"",""field4"":null,""field5"":null,""field6"":null,""field7"":null},{""id"":95,""field1"":""Citronellol 1117-61-9"",""field2"":""Citronellol"",""field3"":""<0.001"",""field4"":null,""field5"":null,""field6"":null,""field7"":null},{""id"":95,""field1"":""Pogostemon Cablin oil 84238-39-1"",""field2"":""Pogostemon Cablin oil"",""field3"":""<0.001"",""field4"":null,""field5"":null,""field6"":null,""field7"":null},{""id"":97,""field1"":""Citronellol 7540-51-4 "",""field2"":""Citronellol"",""field3"":""<0.001"",""field4"":null,""field5"":null,""field6"":null,""field7"":null},{""id"":97,""field1"":""Rose Flower Oil/Extr"",""field2"":""Rose Flower Oil/Extract"",""field3"":""<0.001"",""field4"":null,""field5"":null,""field6"":null,""field7"":null},{""id"":99,""field1"":""Citrus Aurantium Flo"",""field2"":""Citrus Aurantium Flower Oil"",""field3"":""<0.001"",""field4"":null,""field5"":null,""field6"":null,""field7"":null},{""id"":99,""field1"":""Rose Flower Oil/Extract 93334-48-6"",""field2"":""Rose Flower Oil/Extract"",""field3"":""<0.001"",""field4"":null,""field5"":null,""field6"":null,""field7"":null},{""id"":101,""field1"":""Citrus Aurantium Flower Oil 8028-48-6"",""field2"":""Citrus Aurantium Flower Oil"",""field3"":""<0.001"",""field4"":null,""field5"":null,""field6"":null,""field7"":null},{""id"":101,""field1"":""Rose Flower Oil/Extract 84696-47-9"",""field2"":""Rose Flower Oil/Extract"",""field3"":""<0.001"",""field4"":null,""field5"":null,""field6"":null,""field7"":null},{""id"":103,""field1"":""Citrus Aurantium Flower Oil 8016-38-4"",""field2"":""Citrus Aurantium Flower Oil"",""field3"":""<0.001"",""field4"":null,""field5"":null,""field6"":null,""field7"":null},{""id"":103,""field1"":""Rose Flower Oil/Extract 84604-12-6"",""field2"":""Rose Flower Oil/Extract"",""field3"":""<0.001"",""field4"":null,""field5"":null,""field6"":null,""field7"":null},{""id"":105,""field1"":""Citrus Aurantium Pee"",""field2"":""Citrus Aurantium Peel Oil"",""field3"":""<0.001"",""field4"":null,""field5"":null,""field6"":null,""field7"":null},{""id"":105,""field1"":""Rose Flower Oil/Extract 90106-38-0"",""field2"":""Rose Flower Oil/Extract"",""field3"":""<0.001"",""field4"":null,""field5"":null,""field6"":null,""field7"":null},{""id"":107,""field1"":""Citrus Aurantium Peel Oil 72968-50-4"",""field2"":""Citrus Aurantium Peel Oil"",""field3"":""<0.001"",""field4"":null,""field5"":null,""field6"":null,""field7"":null},{""id"":107,""field1"":""Rose Flower Oil/Extract 92347-25-6"",""field2"":""Rose Flower Oil/Extract"",""field3"":""<0.001"",""field4"":null,""field5"":null,""field6"":null,""field7"":null},{""id"":109,""field1"":""Citrus Aurantium Peel Oil 97766-30-8"",""field2"":""Citrus Aurantium Peel Oil"",""field3"":""<0.001"",""field4"":null,""field5"":null,""field6"":null,""field7"":null},{""id"":109,""field1"":""Rose Flower Oil/Extract 84604-13-7"",""field2"":""Rose Flower Oil/Extract"",""field3"":""<0.001"",""field4"":null,""field5"":null,""field6"":null,""field7"":null},{""id"":111,""field1"":""Citrus Aurantium Peel Oil 8028-48-6"",""field2"":""Citrus Aurantium Peel Oil"",""field3"":""<0.001"",""field4"":null,""field5"":null,""field6"":null,""field7"":null},{""id"":111,""field1"":""Rose Ketones"",""field2"":""Rose Ketones"",""field3"":""<0.001"",""field4"":null,""field5"":null,""field6"":null,""field7"":null},{""id"":113,""field1"":""Citrus Aurantium Peel Oil 8008-57-9"",""field2"":""Citrus Aurantium Peel Oil"",""field3"":""<0.001"",""field4"":null,""field5"":null,""field6"":null,""field7"":null},{""id"":113,""field1"":""Rose Ketones 23726-94-5"",""field2"":""Rose Ketones"",""field3"":""<0.001"",""field4"":null,""field5"":null,""field6"":null,""field7"":null},{""id"":115,""field1"":""Citrus Limon oil"",""field2"":""Citrus Limon oil"",""field3"":""<0.001"",""field4"":null,""field5"":null,""field6"":null,""field7"":null},{""id"":115,""field1"":""Rose Ketones 24720-09-0"",""field2"":""Rose Ketones"",""field3"":""<0.001"",""field4"":null,""field5"":null,""field6"":null,""field7"":null},{""id"":117,""field1"":""Citrus Limon oil 8008-56-8"",""field2"":""Citrus Limon oil"",""field3"":""<0.001"",""field4"":null,""field5"":null,""field6"":null,""field7"":null},{""id"":117,""field1"":""Rose Ketones 23696-85-7"",""field2"":""Rose Ketones"",""field3"":""<0.001"",""field4"":null,""field5"":null,""field6"":null,""field7"":null},{""id"":119,""field1"":""Coumarin"",""field2"":""Coumarin"",""field3"":""<0.001"",""field4"":null,""field5"":null,""field6"":null,""field7"":null},{""id"":119,""field1"":""Rose Ketones 57378-68-4"",""field2"":""Rose Ketones"",""field3"":""<0.001"",""field4"":null,""field5"":null,""field6"":null,""field7"":null},{""id"":121,""field1"":""Dimethyl Phenethyl A"",""field2"":""Dimethyl Phenethyl Acetate"",""field3"":""<0.001"",""field4"":null,""field5"":null,""field6"":null,""field7"":null},{""id"":121,""field1"":""Rose Ketones 23726-92-3"",""field2"":""Rose Ketones"",""field3"":""<0.001"",""field4"":null,""field5"":null,""field6"":null,""field7"":null},{""id"":123,""field1"":""Ebanol"",""field2"":""Ebanol"",""field3"":""<0.001"",""field4"":null,""field5"":null,""field6"":null,""field7"":null},{""id"":123,""field1"":""Rose Ketones 71048-82-3"",""field2"":""Rose Ketones"",""field3"":""<0.001"",""field4"":null,""field5"":null,""field6"":null,""field7"":null},{""id"":125,""field1"":""Eucalyptus Globulus "",""field2"":""Eucalyptus Globulus oil"",""field3"":""<0.001"",""field4"":null,""field5"":null,""field6"":null,""field7"":null},{""id"":125,""field1"":""Rose Ketones 23726-91-2"",""field2"":""Rose Ketones"",""field3"":""<0.001"",""field4"":null,""field5"":null,""field6"":null,""field7"":null},{""id"":127,""field1"":""Eucalyptus Globulus oil 8000-48-4"",""field2"":""Eucalyptus Globulus oil"",""field3"":""<0.001"",""field4"":null,""field5"":null,""field6"":null,""field7"":null},{""id"":127,""field1"":""Salicylaldehyde"",""field2"":""Salicylaldehyde"",""field3"":""<0.001"",""field4"":null,""field5"":null,""field6"":null,""field7"":null},{""id"":129,""field1"":""Eugenia Caryophyllus"",""field2"":""Eugenia Caryophyllus oil"",""field3"":""<0.001"",""field4"":null,""field5"":null,""field6"":null,""field7"":null},{""id"":129,""field1"":""Santalol"",""field2"":""Santalol"",""field3"":""<0.001"",""field4"":null,""field5"":null,""field6"":null,""field7"":null},{""id"":131,""field1"":""Eugenia Caryophyllus oil 8015-97-2"",""field2"":""Eugenia Caryophyllus oil"",""field3"":""<0.001"",""field4"":null,""field5"":null,""field6"":null,""field7"":null},{""id"":131,""field1"":""Santalol 115-71-9"",""field2"":""Santalol"",""field3"":""<0.001"",""field4"":null,""field5"":null,""field6"":null,""field7"":null},{""id"":133,""field1"":""Eugenia Caryophyllus oil 84961-50-2"",""field2"":""Eugenia Caryophyllus oil"",""field3"":""<0.001"",""field4"":null,""field5"":null,""field6"":null,""field7"":null},{""id"":133,""field1"":""Santalol 77-42-9"",""field2"":""Santalol"",""field3"":""<0.001"",""field4"":null,""field5"":null,""field6"":null,""field7"":null},{""id"":135,""field1"":""Eugenol"",""field2"":""97-53-0"",""field3"":""0.05"",""field4"":null,""field5"":null,""field6"":null,""field7"":null},{""id"":135,""field1"":""Santalum Album oil"",""field2"":""8006-87-9"",""field3"":""<0.001"",""field4"":null,""field5"":null,""field6"":null,""field7"":null},{""id"":137,""field1"":""Eugenyl acetate"",""field2"":""Eugenyl acetate"",""field3"":""<0.001"",""field4"":null,""field5"":null,""field6"":null,""field7"":null},{""id"":137,""field1"":""Sclareol"",""field2"":""Sclareol"",""field3"":""<0.001"",""field4"":null,""field5"":null,""field6"":null,""field7"":null},{""id"":139,""field1"":""Evernia Furfuracea E"",""field2"":""Evernia Furfuracea Extract"",""field3"":""<0.001"",""field4"":null,""field5"":null,""field6"":null,""field7"":null},{""id"":139,""field1"":""Terpineol"",""field2"":""Terpineol"",""field3"":""<0.001"",""field4"":null,""field5"":null,""field6"":null,""field7"":null},{""id"":141,""field1"":""Evernia Prunastri Ex"",""field2"":""Evernia Prunastri Extract"",""field3"":""<0.001"",""field4"":null,""field5"":null,""field6"":null,""field7"":null},{""id"":141,""field1"":""Terpineol 98-55-5"",""field2"":""Terpineol"",""field3"":""<0.001"",""field4"":null,""field5"":null,""field6"":null,""field7"":null},{""id"":143,""field1"":""Farnesol"",""field2"":""Farnesol"",""field3"":""<0.001"",""field4"":null,""field5"":null,""field6"":null,""field7"":null},{""id"":143,""field1"":""Terpineol 138-87-4"",""field2"":""Terpineol"",""field3"":""<0.001"",""field4"":null,""field5"":null,""field6"":null,""field7"":null},{""id"":145,""field1"":""Geraniol"",""field2"":""106-24-1"",""field3"":""0.06"",""field4"":null,""field5"":null,""field6"":null,""field7"":null},{""id"":145,""field1"":""Terpinolene"",""field2"":""586-62-9"",""field3"":""0.01"",""field4"":null,""field5"":null,""field6"":null,""field7"":null},{""id"":147,""field1"":""Geranyl acetate"",""field2"":""105-87-3"",""field3"":""0.02"",""field4"":null,""field5"":null,""field6"":null,""field7"":null},{""id"":147,""field1"":""Terpineol 586-81-2"",""field2"":""586-81-2"",""field3"":""<0.001"",""field4"":null,""field5"":null,""field6"":null,""field7"":null},{""id"":149,""field1"":""Hexadecanolactone"",""field2"":""Hexadecanolactone"",""field3"":""<0.001"",""field4"":null,""field5"":null,""field6"":null,""field7"":null},{""id"":149,""field1"":""Tetramethyl acetyloc"",""field2"":""Tetramethyl acetyloctahydro- naphthalenes"",""field3"":""<0.001"",""field4"":null,""field5"":null,""field6"":null,""field7"":null},{""id"":151,""field1"":""Hexamethylindanopyra"",""field2"":""Hexamethylindanopyran"",""field3"":""<0.001"",""field4"":null,""field5"":null,""field6"":null,""field7"":null},{""id"":151,""field1"":""Tetramethyl acetyloctahydro- naphthalenes 54464-59-4"",""field2"":""Tetramethyl acetyloctahydro- naphthalenes"",""field3"":""<0.001"",""field4"":null,""field5"":null,""field6"":null,""field7"":null},{""id"":153,""field1"":""Hexyl Cinnamal"",""field2"":""Hexyl Cinnamal"",""field3"":""<0.001"",""field4"":null,""field5"":null,""field6"":null,""field7"":null},{""id"":153,""field1"":""Tetramethyl acetyloctahydro- naphthalenes 68155-66-8"",""field2"":""Tetramethyl acetyloctahydro- naphthalenes"",""field3"":""<0.001"",""field4"":null,""field5"":null,""field6"":null,""field7"":null},{""id"":155,""field1"":""Hydroxycitronellal"",""field2"":""Hydroxycitronellal"",""field3"":""<0.001"",""field4"":null,""field5"":null,""field6"":null,""field7"":null},{""id"":155,""field1"":""Tetramethyl acetyloctahydro- naphthalenes 68155-67-9"",""field2"":""Tetramethyl acetyloctahydro- naphthalenes"",""field3"":""<0.001"",""field4"":null,""field5"":null,""field6"":null,""field7"":null},{""id"":157,""field1"":""Vanillin"",""field2"":""Vanillin"",""field3"":""<0.001"",""field4"":null,""field5"":null,""field6"":null,""field7"":null},{""id"":157,""field1"":""Trimethyl- benzenepr"",""field2"":""Trimethyl- benzenepropanol"",""field3"":""<0.001"",""field4"":null,""field5"":null,""field6"":null,""field7"":null},{""id"":159,""field1"":""Isoeugenol"",""field2"":""Isoeugenol"",""field3"":""<0.001"",""field4"":null,""field5"":null,""field6"":null,""field7"":null},{""id"":159,""field1"":""Turpentine"",""field2"":""Turpentine"",""field3"":""<0.001"",""field4"":null,""field5"":null,""field6"":null,""field7"":null},{""id"":161,""field1"":""Isoeugenyl acetate"",""field2"":""Isoeugenyl acetate"",""field3"":""<0.001"",""field4"":null,""field5"":null,""field6"":null,""field7"":null},{""id"":161,""field1"":""Turpentine 8052-14-0"",""field2"":""Turpentine"",""field3"":""<0.001"",""field4"":null,""field5"":null,""field6"":null,""field7"":null},{""id"":163,""field1"":""Verbena absolute"",""field2"":""Verbena absolute"",""field3"":""<0.001"",""field4"":null,""field5"":null,""field6"":null,""field7"":null},{""id"":163,""field1"":""Verbena absolute 85116-63-8"",""field2"":""Verbena absolute"",""field3"":""<0.001"",""field4"":null,""field5"":null,""field6"":null,""field7"":null}]"
q3t3s22f195,"Certain ingredients are prohibited from use in cosmetic products marketed in the United States and others have restrictions on their use. Does the product contain any restricted or prohibited cosmetic ingredient following 21 CFR part 700? If so, please indicate: ",checkTableMatStatusCFRPercen,[]
q3t4s32f263,Food allergens according Annex II to Regulation (EU) 1169/2011 of 25th October 2011 of the European Parliament,presenceIngredientTablePercentHandlers2,"[{""id"":1,""field1"":""ALFOOD005"",""field2"":""Cereals containing gluten (wheat,  rye,  barley,  oats,  spelt,  kamut  or  their  hybridised  strai"",""field3"":""NO"",""field4"":null,""field5"":null,""field6"":""NO"",""field7"":""NO""},{""id"":2,""field1"":""ALFOOD008"",""field2"":""Crustaceans and products thereof"",""field3"":""NO"",""field4"":null,""field5"":null,""field6"":""NO"",""field7"":""NO""},{""id"":3,""field1"":""ALFOOD009"",""field2"":""Eggs and products thereof"",""field3"":""NO"",""field4"":null,""field5"":null,""field6"":""NO"",""field7"":""NO""},{""id"":4,""field1"":""ALFOOD010"",""field2"":""Fish and products thereof\t"",""field3"":""NO"",""field4"":null,""field5"":null,""field6"":""NO"",""field7"":""NO""},{""id"":5,""field1"":""ALFOOD018"",""field2"":""Peanuts and products thereof\t"",""field3"":""NO"",""field4"":null,""field5"":null,""field6"":""NO"",""field7"":""NO""},{""id"":6,""field1"":""ALFOOD022"",""field2"":""Soybeans and products thereof\t"",""field3"":""NO"",""field4"":null,""field5"":null,""field6"":""NO"",""field7"":""NO""},{""id"":7,""field1"":""ALFOOD014"",""field2"":""Milk and products thereof (including lactose)ç"",""field3"":""NO"",""field4"":null,""field5"":null,""field6"":""NO"",""field7"":""NO""},{""id"":8,""field1"":""ALFOOD025"",""field2"":""Tree nuts\t"",""field3"":""NO"",""field4"":null,""field5"":null,""field6"":""NO"",""field7"":""NO""},{""id"":9,""field1"":""ALFOOD004"",""field2"":""Celery and products thereof"",""field3"":""NO"",""field4"":null,""field5"":null,""field6"":""NO"",""field7"":""NO""},{""id"":10,""field1"":""ALFOOD016"",""field2"":""Mustard and products thereof\t"",""field3"":""NO"",""field4"":null,""field5"":null,""field6"":""NO"",""field7"":""NO""},{""id"":11,""field1"":""ALFOOD021"",""field2"":""Sesame seeds and products thereof\t"",""field3"":""NO"",""field4"":null,""field5"":null,""field6"":""NO"",""field7"":""NO""},{""id"":12,""field1"":""ALFOOD023"",""field2"":""Sulphur dioxide and sulphites at concentrations of more than 10mg/kg or 10mg/liter expressed as SO2\t"",""field3"":""NO"",""field4"":null,""field5"":null,""field6"":""NO"",""field7"":""NO""},{""id"":13,""field1"":""ALFOOD012"",""field2"":""Lupin and products thereof\t"",""field3"":""NO"",""field4"":null,""field5"":null,""field6"":""NO"",""field7"":""NO""},{""id"":14,""field1"":""ALFOOD015"",""field2"":""Molluscs and products thereof\t"",""field3"":""NO"",""field4"":null,""field5"":null,""field6"":""NO"",""field7"":""NO""},{""id"":15,""field1"":""ALFOOD007"",""field2"":""Coconut *"",""field3"":""NO"",""field4"":null,""field5"":null,""field6"":""NO"",""field7"":""NO""},{""id"":16,""field1"":""ALFOOD003"",""field2"":""Bee pollens/Propolis thereof *\t"",""field3"":""NO"",""field4"":null,""field5"":null,""field6"":""NO"",""field7"":""NO""},{""id"":17,""field1"":""ALFOOD013"",""field2"":""Mango*\t"",""field3"":""NO"",""field4"":null,""field5"":null,""field6"":""NO"",""field7"":""NO""},{""id"":18,""field1"":""ALFOOD020"",""field2"":""Royal Jelly thereof *\t"",""field3"":""NO"",""field4"":null,""field5"":null,""field6"":""NO"",""field7"":""NO""},{""id"":19,""field1"":""ALFOOD017"",""field2"":""Peach thereof *\t"",""field3"":""NO"",""field4"":null,""field5"":null,""field6"":""NO"",""field7"":""NO""},{""id"":20,""field1"":""ALFOOD011"",""field2"":""Pork thereof *\t"",""field3"":""NO"",""field4"":null,""field5"":null,""field6"":""NO"",""field7"":""NO""},{""id"":21,""field1"":""ALFOOD019"",""field2"":""Glutamates, Glutanuc Acid, MSG or derivatives*\t"",""field3"":""NO"",""field4"":null,""field5"":null,""field6"":""NO"",""field7"":""NO""},{""id"":22,""field1"":""ALFOOD002"",""field2"":""Azo dyes*\t"",""field3"":""NO"",""field4"":null,""field5"":null,""field6"":""NO"",""field7"":""NO""},{""id"":23,""field1"":""ALFOOD001"",""field2"":""Artificial FD&C Colors*"",""field3"":""NO"",""field4"":null,""field5"":null,""field6"":""NO"",""field7"":""NO""},{""id"":24,""field1"":""ALFOOD024"",""field2"":""Tomato thereof *\t"",""field3"":""NO"",""field4"":null,""field5"":null,""field6"":""NO"",""field7"":""NO""},{""id"":25,""field1"":""ALFOOD006"",""field2"":""Cocoa*\t"",""field3"":""NO"",""field4"":null,""field5"":null,""field6"":""NO"",""field7"":""NO""}]"
q3t4s33f268,Substances restricted according to EU Regulation 1334/2008 (Annex III Part B) and Mexican Law (Acuerdo de aditivos),tableDescYesNoPercen,"[{""id"":1,""field1"":""666-99-9"",""field2"":""Agaric acid"",""field3"":""NO"",""field4"":null,""field5"":null,""field6"":null,""field7"":null},{""id"":2,""field1"":""8015-61-0"",""field2"":""Aloin"",""field3"":""NO"",""field4"":null,""field5"":null,""field6"":null,""field7"":null},{""id"":3,""field1"":""404-86-4"",""field2"":""Capsaicin"",""field3"":""NO"",""field4"":null,""field5"":null,""field6"":null,""field7"":null},{""id"":4,""field1"":""91-64-5"",""field2"":""Coumarin"",""field3"":""NO"",""field4"":null,""field5"":null,""field6"":null,""field7"":null},{""id"":5,""field1"":""5273-86-9"",""field2"":""Beta-asarone"",""field3"":""NO"",""field4"":null,""field5"":null,""field6"":null,""field7"":null},{""id"":6,""field1"":""140-67-0"",""field2"":""Estragole"",""field3"":""YES"",""field4"":""75"",""field5"":null,""field6"":null,""field7"":null},{""id"":7,""field1"":""74-90-8"",""field2"":""Hydrocyanic acid"",""field3"":""NO"",""field4"":null,""field5"":null,""field6"":null,""field7"":null},{""id"":8,""field1"":""548-04-9"",""field2"":""Hipericine"",""field3"":""NO"",""field4"":null,""field5"":null,""field6"":null,""field7"":null},{""id"":9,""field1"":""494-90-6"",""field2"":""Menthofuran"",""field3"":""NO"",""field4"":null,""field5"":null,""field6"":null,""field7"":null},{""id"":10,""field1"":""93-15-2"",""field2"":""Methyleugenol"",""field3"":""NO"",""field4"":null,""field5"":null,""field6"":null,""field7"":null},{""id"":11,""field1"":""15932-80-6"",""field2"":""Pulegone"",""field3"":""NO"",""field4"":null,""field5"":null,""field6"":null,""field7"":null},{""id"":12,""field1"":""76-78-8"",""field2"":""Quassin"",""field3"":""NO"",""field4"":null,""field5"":null,""field6"":null,""field7"":null},{""id"":13,""field1"":""94-59-7"",""field2"":""Safrole"",""field3"":""YES"",""field4"":""0.05"",""field5"":null,""field6"":null,""field7"":null},{""id"":14,""field1"":""12798-51-5"",""field2"":""Teucrin A"",""field3"":""NO"",""field4"":null,""field5"":null,""field6"":null,""field7"":null},{""id"":15,""field1"":""76231-76-0"",""field2"":""Thujone (alpha and beta)"",""field3"":""NO"",""field4"":null,""field5"":null,""field6"":null,""field7"":null},{""id"":16,""field1"":""481-06-1"",""field2"":""Santonina"",""field3"":""NO"",""field4"":null,""field5"":null,""field6"":null,""field7"":null},{""id"":17,""field1"":""130-95-0"",""field2"":""Quinina"",""field3"":""NO"",""field4"":null,""field5"":null,""field6"":null,""field7"":null}]"
q3t4s33f269,Substances prohibited from use in human food (PART 189),tableDescYesNoPercen,"[{""id"":1,""field1"":""189.5"",""field2"":""189.5 - Cattle materials"",""field3"":""NO"",""field4"":null,""field5"":null,""field6"":null,""field7"":null},{""id"":2,""field1"":""189.110"",""field2"":""189.110 - Calamus and its derivatives"",""field3"":""NO"",""field4"":null,""field5"":null,""field6"":null,""field7"":null},{""id"":3,""field1"":""189.113"",""field2"":""189.113 - Cinnamyl anthranilate"",""field3"":""NO"",""field4"":null,""field5"":null,""field6"":null,""field7"":null},{""id"":4,""field1"":""189.120"",""field2"":""189.120 - Cobaltous salts and its derivatives"",""field3"":""NO"",""field4"":null,""field5"":null,""field6"":null,""field7"":null},{""id"":5,""field1"":""189.130"",""field2"":""189.130 - Coumarin"",""field3"":""NO"",""field4"":null,""field5"":null,""field6"":null,""field7"":null},{""id"":6,""field1"":""189.135"",""field2"":""189.135 - Cyclamate and its derivatives"",""field3"":""NO"",""field4"":null,""field5"":null,""field6"":null,""field7"":null},{""id"":7,""field1"":""189.140"",""field2"":""189.140 - Diethylpyrocarbonate (DEPC)"",""field3"":""NO"",""field4"":null,""field5"":null,""field6"":null,""field7"":null},{""id"":8,""field1"":""189.145"",""field2"":""189.145 - Dulcin"",""field3"":""NO"",""field4"":null,""field5"":null,""field6"":null,""field7"":null},{""id"":9,""field1"":""189.155"",""field2"":""189.155 - Monochloroacetic acid"",""field3"":""NO"",""field4"":null,""field5"":null,""field6"":null,""field7"":null},{""id"":10,""field1"":""189.165"",""field2"":""189.165 - Nordihydroguaiaretic acid (NDGA)"",""field3"":""NO"",""field4"":null,""field5"":null,""field6"":null,""field7"":null},{""id"":11,""field1"":""189.175"",""field2"":""189.175 - P-4000"",""field3"":""NO"",""field4"":null,""field5"":null,""field6"":null,""field7"":null},{""id"":12,""field1"":""189.180"",""field2"":""189.180 - Safrole"",""field3"":""YES"",""field4"":""0.05"",""field5"":null,""field6"":null,""field7"":null},{""id"":13,""field1"":""189.190"",""field2"":""189.190 - Thiourea"",""field3"":""NO"",""field4"":null,""field5"":null,""field6"":null,""field7"":null},{""id"":14,""field1"":""189.191"",""field2"":""189.191 - Chlorofluorocarbon propellants"",""field3"":""NO"",""field4"":null,""field5"":null,""field6"":null,""field7"":null},{""id"":15,""field1"":""189.220"",""field2"":""189.220 - Flectol H"",""field3"":""NO"",""field4"":null,""field5"":null,""field6"":null,""field7"":null},{""id"":16,""field1"":""189.240"",""field2"":""189.240 - Lead solders"",""field3"":""NO"",""field4"":null,""field5"":null,""field6"":null,""field7"":null},{""id"":17,""field1"":""189.250 "",""field2"":""189.250 - Mercaptoimidazoline and 2-mercaptoimidazoline"",""field3"":""NO"",""field4"":null,""field5"":null,""field6"":null,""field7"":null},{""id"":18,""field1"":""189.280"",""field2"":""189.280 - 4,4'-Methylenebis (2-chloroanaline)"",""field3"":""NO"",""field4"":null,""field5"":null,""field6"":null,""field7"":null},{""id"":19,""field1"":""189.300"",""field2"":""189.300 - Hydrogenated 4,4'-isopropylidene-diphenolphosphite ester resins"",""field3"":""NO"",""field4"":null,""field5"":null,""field6"":null,""field7"":null},{""id"":20,""field1"":""189.301"",""field2"":""189.301 - Tin-coated lead foil capsules for wine bottles"",""field3"":""NO"",""field4"":null,""field5"":null,""field6"":null,""field7"":null}]"
q3t1s5f352,Contaminants,tableDescYesNoSubtCASPercent,"[{""id"":1,""field1"":""EU DIOXINS and PCB's"",""field2"":""NO"",""field3"":null,""field4"":null,""field5"":null,""field6"":null,""field7"":null},{""id"":2,""field1"":""US DIOXINS and PCB's"",""field2"":""NO"",""field3"":null,""field4"":null,""field5"":null,""field6"":null,""field7"":null},{""id"":3,""field1"":""EU PESTICIDES "",""field2"":""NO"",""field3"":null,""field4"":null,""field5"":null,""field6"":null,""field7"":null},{""id"":4,""field1"":""US PESTICIDES "",""field2"":""NO"",""field3"":null,""field4"":null,""field5"":null,""field6"":null,""field7"":null},{""id"":5,""field1"":""PESTICIDES "",""field2"":""NO"",""field3"":null,""field4"":null,""field5"":null,""field6"":null,""field7"":null},{""id"":6,""field1"":""PST2"",""field2"":""NO"",""field3"":null,""field4"":null,""field5"":null,""field6"":null,""field7"":null},{""id"":7,""field1"":""PST3"",""field2"":""NO"",""field3"":null,""field4"":null,""field5"":null,""field6"":null,""field7"":null},{""id"":8,""field1"":""EU MYCOTOXINS"",""field2"":""NO"",""field3"":null,""field4"":null,""field5"":null,""field6"":null,""field7"":null},{""id"":9,""field1"":""US MYCOTOXINS"",""field2"":""NO"",""field3"":null,""field4"":null,""field5"":null,""field6"":null,""field7"":null},{""id"":10,""field1"":""EU HEAVY METAL"",""field2"":""NO"",""field3"":null,""field4"":null,""field5"":null,""field6"":null,""field7"":null},{""id"":11,""field1"":""US HEAVY METAL"",""field2"":""NO"",""field3"":null,""field4"":null,""field5"":null,""field6"":null,""field7"":null},{""id"":12,""field1"":""EU PAH (Polycyclic aromatic hydrocarbons)"",""field2"":""NO"",""field3"":null,""field4"":null,""field5"":null,""field6"":null,""field7"":null},{""id"":13,""field1"":""FUMIGACION"",""field2"":""NO"",""field3"":null,""field4"":null,""field5"":null,""field6"":null,""field7"":null},{""id"":14,""field1"":""EPA Inerts List"",""field2"":""NO"",""field3"":null,""field4"":null,""field5"":null,""field6"":null,""field7"":null},{""id"":15,""field1"":""EPA"",""field2"":""NO"",""field3"":null,""field4"":null,""field5"":null,""field6"":null,""field7"":null},{""id"":16,""field1"":""PFSA"",""field2"":""NO"",""field3"":null,""field4"":null,""field5"":null,""field6"":null,""field7"":null}]"
q3t3s23f391,Other restricted substances,tableDescYesNoSubtCASPercent,"[{""id"":1,""field1"":""DIOXANE"",""field2"":""NO"",""field3"":null,""field4"":null,""field5"":null,""field6"":null,""field7"":null},{""id"":2,""field1"":""PHTHALATES"",""field2"":""NO"",""field3"":null,""field4"":null,""field5"":null,""field6"":null,""field7"":null},{""id"":3,""field1"":""NITROSAMINES"",""field2"":""NO"",""field3"":null,""field4"":null,""field5"":null,""field6"":null,""field7"":null},{""id"":4,""field1"":""FUROCOUMARINS"",""field2"":""NO"",""field3"":null,""field4"":null,""field5"":null,""field6"":null,""field7"":null},{""id"":5,""field1"":""PAHs, DHA, Antranol and Chloroatranol"",""field2"":""NO"",""field3"":null,""field4"":null,""field5"":null,""field6"":null,""field7"":null},{""id"":6,""field1"":""NITROMUSK / POLYCYCLIC MUSK / MACROCYCLIC MUSK"",""field2"":""NO"",""field3"":null,""field4"":null,""field5"":null,""field6"":null,""field7"":null},{""id"":7,""field1"":""TERPENOIDS"",""field2"":""YES"",""field3"":""EUCALYPTOL"",""field4"":""470-82-6"",""field5"":""0.15"",""field6"":null,""field7"":null},{""id"":8,""field1"":""TERPENOIDS"",""field2"":null,""field3"":""CAMPHOR"",""field4"":""76-22-2"",""field5"":""0.05"",""field6"":null,""field7"":null},{""id"":9,""field1"":""TERPENOIDS"",""field2"":""YES"",""field3"":""MENTHOL"",""field4"":""89-78-1"",""field5"":""0.5"",""field6"":null,""field7"":null}]"
q3t3s16f397,"Does the product contain Substances Very High Concern (REACH EU law)? If yes, please indicate: https://echa.europa.eu/es/candidate-list-table",checkTableMatCasPercen,[]
q3t4s28f488,Does the material contain any ingredients listed on the Drug Enforcement Administration (DEA) Listed Precursors and Essential Chemicals as defined under 21 CFR 1310.02?,checkTableMatCasPercen,[]
